{
    "taskDefinition": "employee-microservice:1",
    "cluster": "microservices-serverlesscluster",
    "loadBalancers": [
        {
            "targetGroupArn": "arn:aws:elasticloadbalancing:us-east-1:215251297864:targetgroup/employee-tg-two/e3be1ce77b194abc",
            "containerName": "employee",
            "containerPort": 8080
        }
    ],
    "desiredCount": 1,
    "launchType": "FARGATE",
    "schedulingStrategy": "REPLICA",
    "deploymentController": {
        "type": "CODE_DEPLOY"
    },
    "networkConfiguration": {
        "awsvpcConfiguration": {
            "subnets": [
                "subnet-080c6d43d1bf8e81a",
                "subnet-02c6d20c244757bf7"
            ],
            "securityGroups": [
                "sg-041861f0db4ab0668"
            ],
            "assignPublicIp": "ENABLED"
        }
    }
}